train_L,val_L,train_NLL,train_kld,train_mmd,train_pheno,train_precision,train_recall,train_f1,val_NLL,val_kld,val_mmd,val_pheno,val_precision,val_recall,val_f1
1.067191481590271,1.2077760696411133,0.8250478506088257,3.497317314147949,0.0012223422527313232,0.19495919346809387,0.9343065619468689,0.9733840227127075,0.9534450769424438,1.0210661888122559,3.364745855331421,0.0017931461334228516,0.13514885306358337,0.9340659379959106,0.9139785170555115,0.9239130616188049
