train_L,train_nll,train_kld,train_mmd
1.3290824890136719,1.2847790718078613,3.2218809127807617,0.0012096762657165527
