train_L,train_nll,train_kld,train_mmd
15.194579124450684,1.5126795768737793,5.288344383239746,0.015050928108394146
