train_L,train_NLL,train_kld,train_mmd,train_pheno,train_precision,train_recall,train_f1
0.9617573618888855,0.8143983483314514,3.671645164489746,0.0008800029754638672,0.10185138136148453,0.9912376999855042,0.9934138059616089,0.9923245906829834
