train_L,train_nll,train_kld,train_mmd,train_pheno,train_MSE,train_pearson,train_spearman,val_L,val_nll,val_kld,val_mmd,val_pheno,val_MSE,val_pearson,val_spearman
1.84906804561615,1.6220630407333374,2.051243543624878,0.001783172250725329,0.10670030862092972,0.11337795638736634,0.6059507533018527,0.5992534141968735,2.164747714996338,1.7749305963516235,1.3271056413650513,0.017427146434783936,0.15006180107593536,0.14663242476290042,0.44733988580885764,0.4081302932919359
