kfold,train_NLL,train_mmd,valid_NLL,valid_mmd
5,1.097015619277954,0.003196756122633815,1.5813825130462646,0.005618929862976074
5,1.1147466897964478,0.002496401546522975,1.4975850582122803,0.0040985941886901855
5,1.1615067720413208,0.002383808372542262,1.462300419807434,0.009910225868225098
5,1.1670325994491577,0.002735058544203639,1.3808263540267944,0.007306516170501709
5,1.2000168561935425,0.002185602905228734,1.2460811138153076,0.0038283467292785645
