kfold,train_NLL,train_mmd,valid_NLL,valid_mmd
5,1.096048355102539,0.003232042072340846,1.5798691511154175,0.005600333213806152
5,1.1128699779510498,0.0025044281501322985,1.4969067573547363,0.00409245491027832
5,1.1570606231689453,0.0023679733276367188,1.4612243175506592,0.010138392448425293
5,1.1672780513763428,0.0027273695450276136,1.38089919090271,0.0072152018547058105
5,1.200214147567749,0.002197225810959935,1.2472281455993652,0.0038346052169799805
