kfold,train_NLL,train_mmd,valid_NLL,valid_mmd
5,0.8959153294563293,0.17702794075012207,1.740507960319519,0.1680002212524414
5,0.8883168697357178,0.14816851913928986,1.7894690036773682,0.1226242184638977
5,0.8877115845680237,0.16971446573734283,1.6370735168457031,0.17949479818344116
5,0.8036341667175293,0.17215798795223236,1.428796648979187,0.14941388368606567
5,0.9272879958152771,0.15176253020763397,1.09632408618927,0.24900168180465698
