kfold,train_NLL,train_mmd,valid_NLL,valid_mmd
5,1.3542327880859375,0.014315342530608177,1.8814060688018799,0.044051289558410645
5,1.3760278224945068,0.010614991188049316,1.9378994703292847,0.04596644639968872
5,1.3551703691482544,0.013642048463225365,1.753471851348877,0.020580172538757324
5,1.333463430404663,0.010683846659958363,1.559760332107544,0.04741436243057251
5,1.4868748188018799,0.015424275770783424,1.1925081014633179,0.19099855422973633
