train_L,train_nll,train_kld,train_mmd
109.14302062988281,1.0775437355041504,22.61724090576172,0.11636477708816528
