train_L,train_nll,train_kld,train_mmd
1.3457939624786377,1.3042128086090088,3.6089019775390625,0.0011006355052813888
